Chuppa Chups Body Wash 400ml,R60.00
Cussons Hand Wash Sweets Fruit Chew 500ml,R49.00
Cussons Sugar Candy Shower Cream 500ml,R60.00
Cussons Unicorn Handwash 330ml,R45.00
Dex Hand Soap Assorted 500ml,R38.00
Dubble Bubble Mini Gumball Machine,R49.00
Imperial Leather Bodywash Cherry Bakewell 250ml,R49.00
Imperial Leather Cherry Bakewell Bath Cream 500ml,R49.00
Imperial Leather Cotton Clouds Shower Cream 250ml,R49.00
Imperial Leather Love Hearts Shower Cream 250ml,R49.00
Imperial Leather Magical Shower Gel 250ml,R45.00
Imperial Leather Marshmallow Bath Cream 250ml,R40.00
Nerds Grape Candy Jar Lip Balm,R32.00
Tumble Tower Mini Jaw Breaker,R95.00
ZED Candy Double Dares Jelly Beans,R45.00
